#DML - DATOS DE PRUEBA - APPTEC - SIGT 2023

use bd_apptec;

# DATOS DE PRUEBA TABLA KATA
insert into kata (id_kata, nombre) values
(1, 'Anan'),
(2, 'Anan Dai'),
(3, 'Ananko'),
(4, 'Aoyagi'),
(5, 'Bassai'),
(6, 'Bassai Dai'),
(7, 'Bassai Sho'),
(8, 'Chatanyara Kusanku'),
(9, 'Chibana No Kushanku'),
(10, 'Chinte'),
(11, 'Chinto'),
(12, 'Enpi'),
(13, 'Fukyugata Ichi'),
(14, 'Fukyugata Ni'),
(15,'Gankaku'),
(16,'Garyu'),
(17, 'Gekisai (Geksai) 1'),
(18, 'Gekisai (Geksai) 2'),
(19, 'Gojushiho'),
(20, 'Gojushiho Dai'),
(21, 'Gojushiho Sho'),
(22, 'Hakusho'),
(23, 'Hanketsu'),
(24, 'Haufa (Haffa)'),
(25, 'Heian Shodan'),
(26, 'Heian Nidan'),
(27, 'Heian Sandan'),
(28, 'Heian Yondan'),
(29, 'Heian Godan'),
(30, 'Heiku'),
(31, 'Ishimine Bassai'),
(32, 'Itosu Rohai Shodan'),
(33, 'Itosu Rohai Nidan'),
(34, 'Itosu Rohai Sandan'),
(35, 'Jiin'),
(36, 'Jion'),
(37, 'Jitt'),
(38, 'Juroku'),
(39, 'Kanchin'),
(40, 'Kanku Dai'),
(41, 'Kanku Sho'),
(42, 'Kanshu'),
(43, 'Kishimono No Kushanku'),
(44, 'Kousoukun'),
(45, 'Kousoukun Dai'),
(46, 'Kousoukun Sho'),
(47, 'Kururunfa'),
(48, 'Kusanku'),
(49, 'Kyan No Chinto'),
(50, 'Kyan No Wanshu'),
(51, 'Matsukaze'),
(52, 'Matsumura Bassai'),
(53, 'Matsumura Rohai'),
(54, 'Meikyo'),
(55, 'Myojo'),
(56, 'Naifanchin Shodan'),
(57, 'Naifanchin Nidan'),
(58, 'Naifanchin Sandan'),
(59, 'Naihanchi'),
(60, 'Nijushiho'),
(61, 'Nipaipo'),
(62, 'Niseishi'),
(63, 'Ohan'),
(64, 'Ohan Dai'),
(65, 'Oyadomari No Passai'),
(66, 'Pachu'),
(67, 'Paiku'),
(68, 'Papuren'),
(69, 'Passai'),
(70, 'Pinan Shodan'),
(71, 'Pinan Nidan'),
(72, 'Pinan Sandan'),
(73, 'Pinan Yondan'),
(74, 'Pinan Godan'),
(75, 'Rohai'),
(76, 'Saifa'),
(77, 'Sanchin'),
(78, 'Sansai'),
(79, 'Sanseiru'),
(80, 'Sanseru'),
(81, 'Seichin'),
(82, 'Seienchin (Seiyunchin)'),
(83, 'Seipai'),
(84, 'Seiryu'),
(85, 'Seishan'),
(86, 'Seisan (Sesan)'),
(87, 'Shiho Kousoukun'),
(88, 'Shinpa'),
(89, 'Shinsei'),
(90, 'Shisochin'),
(91, 'Sochin'),
(92, 'Suparinpei'),
(93, 'Tekki Shodan'),
(94, 'Tekki Nidan'),
(95, 'Tekki Sandan'),
(96, 'Tensho'),
(97, 'Tomari Bassai'),
(98, 'Unshu'),
(99, 'Unsu'),
(100, 'Useishi'),
(101, 'Wankan'),
(102, 'Wanshi');
    
# DATOS DE PRUEBA TABLA JUEZ
insert into juez values
('juez1',1,'tatami1'),
('juez2',2,'tatami1'),
('juez3',3,'tatami1'),
('juez4',4,'tatami1'),
('juez5',5,'tatami1'),
('juez6',6,'tatami1'),
('juez7',7,'tatami1');

# DATOS DE PRUEBA TABLA COMPETENCIA
INSERT INTO competencia (nombre, fecha, hora, lugar)
VALUES ('Competencia ISBO 2023', '2023-10-10', '10:00:00', 'Regimiento 9, Montevideo, Uruguay');

# DATOS DE PRUEBA TABLA COMPETIDOR
insert into competidor values
(45434618,'Michael','Varela','','M',1,'mvarela@apptecuy.com.uy','1992-09-29'),
(52510607,'Mauro','González','','M',8,'mgonzalez@apptecuy.com.uy','1999-02-10'),
(59823648,'Rodrigo','Rodríguez','','M',2,'rr_karate@gmail.com','1999-06-25'),
(56349865,'Carlos','Gutiérrez','','M',3,'carlosguti@hotmail.com','1995-01-30'),
(46357896,'Esteban','Falero','','M',4,'faleroesteban@hotmail.com','1991-10-19'),
(25076989,'Daniel','Correa','','M',7,'danicorrea@hotmail.com','1991-10-19'),
(53649587,'Gonzalo','Ortíz','','M',5,'ortiz.gonzalo@live.com','1990-11-15'),
(47743966,'Emiliano','Pereyra','','M',6,'epereyra@apptecuy.com.uy','1989-04-14');

# DATOS DE PRUEBA TABLA REGISTRA
insert into registra values
('Mayores Masculino',45434618,1),
('Mayores Masculino',52510607,1),
('Mayores Masculino',59823648,1),
('Mayores Masculino',56349865,1),
('Mayores Masculino',46357896,1),
('Mayores Masculino',25076989,1),
('Mayores Masculino',53649587,1),
('Mayores Masculino',47743966,1);

# DATOS DE PRUEBA TABLA EJECUCION
insert into ejecucion (id_competidor , id_competencia , ronda , cinturon , tatami , puntaje_total , categoria) values
(45434618,1,'Primera Ronda','AKA','tatami1','47.3','Mayores Masculino'),
(52510607,1,'Primera Ronda','AKA','tatami1','38.7','Mayores Masculino'),
(59823648,1,'Primera Ronda','AKA','tatami1','38.7','Mayores Masculino'),
(56349865,1,'Primera Ronda','AKA','tatami1','40.6','Mayores Masculino'),
(46357896,1,'Primera Ronda','AO','tatami1','36.0','Mayores Masculino'),
(25076989,1,'Primera Ronda','AO','tatami1','48.0','Mayores Masculino'),
(53649587,1,'Primera Ronda','AO','tatami1','33.0','Mayores Masculino'),
(47743966,1,'Primera Ronda','AO','tatami1','31.4','Mayores Masculino'),
(45434618,1,'Semifinal','AKA','tatami1','45.0','Mayores Masculino'),
(56349865,1,'Semifinal','AKA','tatami1','48.7','Mayores Masculino'),
(25076989,1,'Semifinal','AKA','tatami1','30.4','Mayores Masculino'),
(46357896,1,'Semifinal','AKA','tatami1','43.9','Mayores Masculino'),
(45434618,1,'Final','AKA','tatami1','42.8','Mayores Masculino'),
(56349865,1,'Final','AKA','tatami1','42.7','Mayores Masculino');

# DATOS DE PRUEBA TABLA REALIZA
insert into realiza values
(1,5),
(2,57),
(3,5),
(4,6),
(5,100),
(6,69),
(7,78),
(8,100),
(9,100),
(10,78),
(11,63),
(12,79),
(13,100),
(14,91);

# DATOS DE PRUEBA TABLA CALIFICA
insert into califica values
(1,'juez1','9.0'),
(1,'juez2','9.5'),
(1,'juez3','9.8'),
(1,'juez4','9.4'),
(1,'juez5','9.5'),
(1,'juez6','9.1'),
(1,'juez7','9.8'),
(2,'juez1','7.5'),
(2,'juez2','7.8'),
(2,'juez3','7.9'),
(2,'juez4','8.0'),
(2,'juez5','7.4'),
(2,'juez6','7.5'),
(2,'juez7','8.1'),
(3,'juez1','8.0'),
(3,'juez2','9.0'),
(3,'juez3','9.5'),
(3,'juez4','8.5'),
(3,'juez5','8.7'),
(3,'juez6','8.5'),
(3,'juez7','8.2'),
(4,'juez1','8.0'),
(4,'juez2','8.2'),
(4,'juez3','8.0'),
(4,'juez4','8.0'),
(4,'juez5','7.8'),
(4,'juez6','7.5'),
(4,'juez7','8.4'),
(5,'juez1','7.0'),
(5,'juez2','7.1'),
(5,'juez3','7.5'),
(5,'juez4','7.2'),
(5,'juez5','7.0'),
(5,'juez6','7.2'),
(5,'juez7','7.5'),
(6,'juez1','9.9'),
(6,'juez2','9.5'),
(6,'juez3','9.6'),
(6,'juez4','9.4'),
(6,'juez5','10.0'),
(6,'juez6','9.6'),
(6,'juez7','9.0'),
(7,'juez1','6.5'),
(7,'juez2','6.8'),
(7,'juez3','7.0'),
(7,'juez4','6.5'),
(7,'juez5','6.7'),
(7,'juez6','6.0'),
(7,'juez7','6.5'),
(8,'juez1','6.4'),
(8,'juez2','6.0'),
(8,'juez3','5.9'),
(8,'juez4','7.0'),
(8,'juez5','6.4'),
(8,'juez6','6.6'),
(8,'juez7','6.0'),
(9,'juez1','9.0'),
(9,'juez2','9.2'),
(9,'juez3','9.0'),
(9,'juez4','8.8'),
(9,'juez5','8.9'),
(9,'juez6','8.9'),
(9,'juez7','9.2'),
(10,'juez1','9.9'),
(10,'juez2','9.9'),
(10,'juez3','10.0'),
(10,'juez4','10.0'),
(10,'juez5','9.5'),
(10,'juez6','9.4'),
(10,'juez7','9.0'),
(11,'juez1','7.5'),
(11,'juez2','7.9'),
(11,'juez3','7.9'),
(11,'juez4','8.0'),
(11,'juez5','7.0'),
(11,'juez6','7.5'),
(11,'juez7','7.5'),
(12,'juez1','9.0'),
(12,'juez2','9.0'),
(12,'juez3','8.5'),
(12,'juez4','8.6'),
(12,'juez5','8.4'),
(12,'juez6','8.9'),
(12,'juez7','8.9'),
(13,'juez1','9.9'),
(13,'juez2','8.5'),
(13,'juez3','8.0'),
(13,'juez4','8.4'),
(13,'juez5','8.5'),
(13,'juez6','8.5'),
(13,'juez7','8.9'),
(14,'juez1','9.0'),
(14,'juez2','8.5'),
(14,'juez3','8.6'),
(14,'juez4','8.5'),
(14,'juez5','8.6'),
(14,'juez6','8.0'),
(14,'juez7','8.5');

# DATOS DE PRUEBA TABLA USUARIO
insert into usuario values
('administrador','administrador','administrador'),
('juez','juez','juez'),
('publico','publico','publico');
